timestamp_s,machine_state,measured_bt_c,measured_et_c,measured_ror_c_per_min,measured_gas_pct,measured_drum_pressure_pa,measured_drum_speed_pct,estimated_Tb,estimated_RoR_c_per_min,estimated_E_drum,estimated_M,estimated_P_int,estimated_p_mai,estimated_p_dev,estimated_V_loss,estimated_S_struct,current_gas_pct,current_drum_pressure_pa,current_drum_speed_pct,recommended_gas_pct,recommended_drum_pressure_pa,recommended_drum_speed_pct,predicted_clarity,predicted_sweetness,predicted_body,predicted_bitterness,mpc_success,mpc_objective,mpc_status,message
2.0,roasting,183.1937003099596,222.33501748038452,95.40930939016381,75.0,90.0,65.0,183.2138151704778,96.54205828655734,0.7517152622057677,0.11848346873956192,0.06585782220477829,0.7814536015559749,0.0019069892979821893,0.05330445436094606,0.3347231883119115,75.0,90.0,65.0,67.00000012853174,104.99999944596925,65.49142150568495,0.8113499999999989,0.7397499999999999,0.4419499999999988,0.2206499999999995,1,17.834759174048035,Solve_Succeeded,"Set gas to 67.0% (-8.0% vs current), drum pressure to 105.0 Pa (+15.0 Pa), drum speed to 65.5% (+0.5%). Drying stage. Moisture remains elevated at 0.118. Keep enough energy to maintain momentum while avoiding excessive draft. Predicted flavor if followed: clarity 0.811, sweetness 0.740, body 0.442, bitterness 0.221. MPC solved successfully (objective 17.8348)."
4.0,roasting,187.0916255425247,219.0377026561499,124.64021531298343,67.00000012853174,104.99999944596925,65.49142150568495,187.19659909127543,123.79023139365701,0.7748479212346252,0.11676927490457875,0.07614053612259064,0.7829738408619608,0.004261190155319138,0.057304586212734765,0.36979549114581006,67.00000012853174,104.99999944596925,65.49142150568495,61.70414262240486,115.56256918593816,65.60378223540494,0.8124499999999988,0.7402999999999998,0.44064999999999876,0.21949999999999953,1,6.871785375548065,Solve_Succeeded,"Set gas to 61.7% (-5.3% vs current), drum pressure to 115.6 Pa (+10.6 Pa), drum speed to 65.6% (+0.1%). Drying stage. Moisture remains elevated at 0.117. Keep enough energy to maintain momentum while avoiding excessive draft. Predicted flavor if followed: clarity 0.812, sweetness 0.740, body 0.441, bitterness 0.219. MPC solved successfully (objective 6.8718)."
6.0,roasting,191.85599773220184,216.22639581039485,139.95847540107638,61.70414262240486,115.56256918593816,65.60378223540494,191.82135232203478,138.34243878120236,0.7824318275394193,0.11494295379476002,0.08690225047251217,0.7845757743696294,0.006948668305584733,0.06209903311522394,0.40525065913841524,61.70414262240486,115.56256918593816,65.60378223540494,58.30377277417681,121.95811981994008,65.92784966377941,0.801899999999999,0.73835,0.4535999999999988,0.22869999999999951,1,2.697863113567743,Solve_Succeeded,"Set gas to 58.3% (-3.4% vs current), drum pressure to 122.0 Pa (+6.4 Pa), drum speed to 65.9% (+0.3%). Drying stage. Moisture remains elevated at 0.115. Keep enough energy to maintain momentum while avoiding excessive draft. Predicted flavor if followed: clarity 0.802, sweetness 0.738, body 0.454, bitterness 0.229. MPC solved successfully (objective 2.6979)."
8.0,roasting,196.405766862799,214.89833098888226,139.0452937283397,58.30377277417681,121.95811981994008,65.92784966377941,196.45489373050134,140.19076728358908,0.7910815334961464,0.11307317083112772,0.09390236404577089,0.7862723202541232,0.01002568468553564,0.06780641797267478,0.4410996959883902,58.30377277417681,121.95811981994008,65.92784966377941,56.08290754562826,125.79936601116034,66.35906464352117,0.801899999999999,0.73835,0.4535999999999988,0.22869999999999951,1,1.5367043181995095,Solve_Succeeded,"Set gas to 56.1% (-2.2% vs current), drum pressure to 125.8 Pa (+3.8 Pa), drum speed to 66.4% (+0.4%). Drying stage. Moisture remains elevated at 0.113. Keep enough energy to maintain momentum while avoiding excessive draft. Predicted flavor if followed: clarity 0.802, sweetness 0.738, body 0.454, bitterness 0.229. MPC solved successfully (objective 1.5367)."
10.0,roasting,201.12169454475563,213.84783520936506,132.99117305031632,56.08290754562826,125.79936601116034,66.35906464352117,201.03734355645946,133.89431695273572,0.7949765765443707,0.11122474730539467,0.10250360959489278,0.7880656498673031,0.013375321116108155,0.07450256670750884,0.4773511231654587,56.08290754562826,125.79936601116034,66.35906464352117,54.9196729262273,127.56185589897025,66.7851894939597,0.801899999999999,0.73835,0.4535999999999988,0.22869999999999951,1,1.3598413855301879,Solve_Succeeded,"Set gas to 54.9% (-1.2% vs current), drum pressure to 127.6 Pa (+1.8 Pa), drum speed to 66.8% (+0.4%). Drying stage. Moisture remains elevated at 0.111. Keep enough energy to maintain momentum while avoiding excessive draft. Predicted flavor if followed: clarity 0.802, sweetness 0.738, body 0.454, bitterness 0.229. MPC solved successfully (objective 1.3598)."
12.0,roasting,205.39025165006905,213.20381793564613,117.81337248472683,54.9196729262273,127.56185589897025,66.7851894939597,205.25739504596103,120.35926868369391,0.7950214366193354,0.10943660954785389,0.11112219827329232,0.7899568079573144,0.01708687534902422,0.0822579828236306,0.5140125571783047,54.9196729262273,127.56185589897025,66.7851894939597,54.65465018818385,127.74029316551864,67.10693440248119,0.801899999999999,0.73835,0.4535999999999988,0.22869999999999951,1,1.4813275240151875,Solve_Succeeded,"Set gas to 54.7% (-0.3% vs current), drum pressure to 127.7 Pa (+0.2 Pa), drum speed to 67.1% (+0.3%). Drying stage. Moisture remains elevated at 0.109. Keep enough energy to maintain momentum while avoiding excessive draft. Predicted flavor if followed: clarity 0.802, sweetness 0.738, body 0.454, bitterness 0.229. MPC solved successfully (objective 1.4813)."
14.0,roasting,208.74946283930558,213.4441651046633,108.24905592285353,54.65465018818385,127.74029316551864,67.10693440248119,208.7364472687768,105.41848348697016,0.8002040669945609,0.1077408857024107,0.11632614117585478,0.7919403811646941,0.02118829629817949,0.09106843090946135,0.5511058053059242,54.65465018818385,127.74029316551864,67.10693440248119,54.94790841140783,127.07490369720726,67.28759016743057,0.801899999999999,0.73835,0.4535999999999988,0.22844999999999951,1,1.5800687973616485,Solve_Succeeded,"Set gas to 54.9% (+0.3% vs current), drum pressure to 127.1 Pa (-0.7 Pa), drum speed to 67.3% (+0.2%). Drying stage. Moisture remains elevated at 0.108. Keep enough energy to maintain momentum while avoiding excessive draft. Predicted flavor if followed: clarity 0.802, sweetness 0.738, body 0.454, bitterness 0.228. MPC solved successfully (objective 1.5801)."
16.0,roasting,211.41263861492004,213.6265959875644,87.59105410795956,54.94790841140783,127.07490369720726,67.28759016743057,211.51049631033283,87.0831003221332,0.802609698298839,0.10614064121491948,0.11862900014990797,0.7940019346369472,0.025530641579720438,0.10081368391717305,0.5886600174613832,54.94790841140783,127.07490369720726,67.28759016743057,55.65305380187187,125.90874161037733,67.3013918369235,0.801899999999999,0.73835,0.4535999999999988,0.22844999999999951,1,1.6399410079831678,Solve_Succeeded,"Set gas to 55.7% (+0.7% vs current), drum pressure to 125.9 Pa (-1.2 Pa), drum speed to 67.3% (+0.0%). Drying stage. Moisture remains elevated at 0.106. Keep enough energy to maintain momentum while avoiding excessive draft. Predicted flavor if followed: clarity 0.802, sweetness 0.738, body 0.454, bitterness 0.228. MPC solved successfully (objective 1.6399)."
18.0,roasting,213.68945507332586,214.39077523629925,65.96174414879852,55.65305380187187,125.90874161037733,67.3013918369235,213.72680593926773,67.1948438545916,0.8099248414724435,0.10464783982190892,0.12207521388170463,0.7961262775011293,0.029971045800201247,0.11133902333814351,0.6266948127832783,55.65305380187187,125.90874161037733,67.3013918369235,56.5644115553431,124.6685697779412,67.13943212899204,0.801899999999999,0.73835,0.4535999999999988,0.22844999999999951,1,1.7096993155874092,Solve_Succeeded,"Set gas to 56.6% (+0.9% vs current), drum pressure to 124.7 Pa (-1.2 Pa), drum speed to 67.1% (-0.2%). Drying stage. Moisture remains elevated at 0.105. Keep enough energy to maintain momentum while avoiding excessive draft. Predicted flavor if followed: clarity 0.802, sweetness 0.738, body 0.454, bitterness 0.228. MPC solved successfully (objective 1.7097)."
20.0,roasting,215.27916775508078,214.61864859005638,47.20649717356348,56.5644115553431,124.6685697779412,67.13943212899204,215.3124103105139,48.23384015453728,0.8099943961759887,0.10326552282323931,0.12540027158793218,0.7983000503066615,0.034570127168058046,0.12251338036066996,0.6652187770989285,56.5644115553431,124.6685697779412,67.13943212899204,57.65495765987485,123.40258499701496,66.80409963600086,0.801899999999999,0.73835,0.4535999999999988,0.22844999999999951,1,1.8890591907937522,Solve_Succeeded,"Set gas to 57.7% (+1.1% vs current), drum pressure to 123.4 Pa (-1.3 Pa), drum speed to 66.8% (-0.3%). Drying stage. Moisture remains elevated at 0.103. Keep enough energy to maintain momentum while avoiding excessive draft. Predicted flavor if followed: clarity 0.802, sweetness 0.738, body 0.454, bitterness 0.228. MPC solved successfully (objective 1.8891)."
22.0,roasting,216.34753093027842,215.3408052304608,33.70986141623439,57.65495765987485,123.40258499701496,66.80409963600086,216.3468097525887,31.952052547869894,0.8137122577842619,0.10198565680706538,0.129300289779144,0.8005074753785909,0.03932385706610551,0.13415226908055486,0.704246308788107,57.65495765987485,123.40258499701496,66.80409963600086,58.75488899034795,122.40781467415034,66.32087998998489,0.801899999999999,0.73835,0.4535999999999988,0.22844999999999951,1,2.1706087536590757,Solve_Succeeded,"Set gas to 58.8% (+1.1% vs current), drum pressure to 122.4 Pa (-1.0 Pa), drum speed to 66.3% (-0.5%). Drying stage. Moisture remains elevated at 0.102. Keep enough energy to maintain momentum while avoiding excessive draft. Predicted flavor if followed: clarity 0.802, sweetness 0.738, body 0.454, bitterness 0.228. MPC solved successfully (objective 2.1706)."
24.0,roasting,216.8623692014398,216.14871859918242,17.751794748062643,58.75488899034795,122.40781467415034,66.32087998998489,216.87881579515795,16.979223142203672,0.8204688137139824,0.10079305339189394,0.13257594083815258,0.8027341721013012,0.04426585846988187,0.14609327145983808,0.7437915185228703,58.75488899034795,122.40781467415034,66.32087998998489,59.74550339962372,121.86769987195258,65.71551253577798,0.801899999999999,0.73835,0.4535999999999988,0.22844999999999951,1,2.5637206153836876,Solve_Succeeded,"Set gas to 59.7% (+1.0% vs current), drum pressure to 121.9 Pa (-0.5 Pa), drum speed to 65.7% (-0.6%). Drying stage. Moisture remains elevated at 0.101. Keep enough energy to maintain momentum while avoiding excessive draft. Predicted flavor if followed: clarity 0.802, sweetness 0.738, body 0.454, bitterness 0.228. MPC solved successfully (objective 2.5637)."
26.0,roasting,216.85522207969842,216.39279782484124,0.16548685920436945,59.74550339962372,121.86769987195258,65.71551253577798,216.92547173832645,2.6419948231418497,0.8211206622782252,0.09967928875785216,0.13435316199490682,0.8049669258318012,0.0493640044813861,0.15819067439696935,0.7838713113550937,59.74550339962372,121.86769987195258,65.71551253577798,60.65884993419256,121.67657899179697,65.01323924054216,0.801899999999999,0.73835,0.4535999999999988,0.22844999999999951,1,3.007582761756028,Solve_Succeeded,"Set gas to 60.7% (+0.9% vs current), drum pressure to 121.7 Pa (-0.2 Pa), drum speed to 65.0% (-0.7%). Drying stage. Moisture remains elevated at 0.100. Keep enough energy to maintain momentum while avoiding excessive draft. Predicted flavor if followed: clarity 0.802, sweetness 0.738, body 0.454, bitterness 0.228. MPC solved successfully (objective 3.0076)."
28.0,roasting,216.79039267232113,217.62640871548487,-4.932844629865926,60.65884993419256,121.67657899179697,65.01323924054216,216.73121438118125,-6.924930023618372,0.8350810936012439,0.09863928304492631,0.13870144034520138,0.8071931113225139,0.05453469785919192,0.17029236825854077,0.8244993101113701,60.65884993419256,121.67657899179697,65.01323924054216,61.27295292914665,122.18910225032117,65.01321186440035,0.801899999999999,0.73835,0.4535999999999988,0.22844999999999951,1,3.527944432638985,Solve_Succeeded,"Set gas to 61.3% (+0.6% vs current), drum pressure to 122.2 Pa (+0.5 Pa), drum speed to 65.0% (-0.0%). Drying stage. Moisture remains elevated at 0.099. Keep enough energy to maintain momentum while avoiding excessive draft. Predicted flavor if followed: clarity 0.802, sweetness 0.738, body 0.454, bitterness 0.228. MPC solved successfully (objective 3.5279)."
30.0,roasting,216.20862805634644,218.00131837351762,-14.643777727345652,61.27295292914665,122.18910225032117,65.01321186440035,216.22067454192828,-14.79374116363673,0.8438221672970297,0.09762133431658974,0.14091478680524272,0.8094058815598674,0.05992506381055301,0.18235747701850163,0.8656814559858717,61.27295292914665,122.18910225032117,65.01321186440035,61.65785995741806,123.19448388864038,64.24830479685663,0.801899999999999,0.73835,0.4535999999999988,0.22844999999999951,1,3.9371839729903932,Solve_Succeeded,"Set gas to 61.7% (+0.4% vs current), drum pressure to 123.2 Pa (+1.0 Pa), drum speed to 64.2% (-0.8%). Drying stage. Moisture remains elevated at 0.098. Keep enough energy to maintain momentum while avoiding excessive draft. Predicted flavor if followed: clarity 0.802, sweetness 0.738, body 0.454, bitterness 0.228. MPC solved successfully (objective 3.9372)."
32.0,roasting,215.68769317352428,218.17592762518146,-25.777894968525793,61.65785995741806,123.19448388864038,64.24830479685663,215.6200709263555,-22.345697300175605,0.8493221380583406,0.09661389117920895,0.14432287143267136,0.8115977527061365,0.06541281655619187,0.1943043721363012,0.9074365305175541,61.65785995741806,123.19448388864038,64.24830479685663,61.909026580324095,124.49494521745449,64.2484701025445,0.801899999999999,0.73835,0.4535999999999988,0.22844999999999951,1,4.2639752054558535,Solve_Succeeded,"Set gas to 61.9% (+0.3% vs current), drum pressure to 124.5 Pa (+1.3 Pa), drum speed to 64.2% (+0.0%). Drying stage. Moisture remains elevated at 0.097. Keep enough energy to maintain momentum while avoiding excessive draft. Predicted flavor if followed: clarity 0.802, sweetness 0.738, body 0.454, bitterness 0.228. MPC solved successfully (objective 4.2640)."
34.0,roasting,214.59894898997888,218.36485902312265,-23.00487125014886,61.909026580324095,124.49494521745449,64.2484701025445,214.6663861008025,-25.04130789453958,0.8548324268572365,0.09561684531514716,0.1440405265048602,0.8137666367970033,0.07106811145806294,0.2061207265828388,0.9497722886678147,61.909026580324095,124.49494521745449,64.2484701025445,61.948750727412715,126.14717380059706,64.24863345245804,0.801899999999999,0.73835,0.4535999999999988,0.22844999999999951,1,4.4734140079458555,Solve_Succeeded,"Set gas to 61.9% (+0.0% vs current), drum pressure to 126.1 Pa (+1.7 Pa), drum speed to 64.2% (+0.0%). Drying stage. Moisture remains elevated at 0.096. Keep enough energy to maintain momentum while avoiding excessive draft. Predicted flavor if followed: clarity 0.802, sweetness 0.738, body 0.454, bitterness 0.228. MPC solved successfully (objective 4.4734)."
36.0,roasting,213.8676132931314,218.66333132913752,-26.415601193559915,61.948750727412715,126.14717380059706,64.24863345245804,213.8190305290395,-26.926783277980885,0.8635191465186703,0.0946300898065235,0.14571508486537713,0.8159048925426332,0.07667259589992494,0.21770601916575286,0.9927022536405613,61.948750727412715,126.14717380059706,64.24863345245804,61.77900556294805,128.11495672662664,64.24895646803482,0.801899999999999,0.73835,0.4535999999999988,0.22844999999999951,1,4.623343337015169,Solve_Succeeded,"Set gas to 61.8% (-0.2% vs current), drum pressure to 128.1 Pa (+2.0 Pa), drum speed to 64.2% (+0.0%). Drying stage. Moisture remains elevated at 0.095. Keep enough energy to maintain momentum while avoiding excessive draft. Predicted flavor if followed: clarity 0.802, sweetness 0.738, body 0.454, bitterness 0.228. MPC solved successfully (objective 4.6233)."
38.0,roasting,212.69803920456746,218.75563849547035,-26.46992550571846,61.77900556294805,128.11495672662664,64.24895646803482,212.7870278843748,-27.267628629221544,0.8718287663677347,0.09365351841256894,0.14356301291142007,0.8180150108074217,0.0823414667809707,0.22911920461655141,1.0362206709460378,61.77900556294805,128.11495672662664,64.24895646803482,61.395292794350254,130.3496005817382,64.24930135231385,0.801899999999999,0.73835,0.4535999999999988,0.22844999999999951,1,4.677168889308354,Solve_Succeeded,"Set gas to 61.4% (-0.4% vs current), drum pressure to 130.3 Pa (+2.2 Pa), drum speed to 64.2% (+0.0%). Drying stage. Moisture remains elevated at 0.094. Keep enough energy to maintain momentum while avoiding excessive draft. Predicted flavor if followed: clarity 0.802, sweetness 0.738, body 0.454, bitterness 0.228. MPC solved successfully (objective 4.6772)."
40.0,roasting,211.90437052000775,218.49151509595487,-27.492680765118966,61.395292794350254,130.3496005817382,64.24930135231385,211.8991646822071,-27.059843177643526,0.8760704544587183,0.0926870263182952,0.14282768426028028,0.8200932938549588,0.08785028225938514,0.2403151246195555,1.0803317106977284,61.395292794350254,130.3496005817382,64.24930135231385,60.904770160007395,132.62822068957948,64.24930167507266,0.801899999999999,0.73835,0.4535999999999988,0.22844999999999951,1,4.634253489866584,Solve_Succeeded,"Set gas to 60.9% (-0.5% vs current), drum pressure to 132.6 Pa (+2.3 Pa), drum speed to 64.2% (+0.0%). Drying stage. Moisture remains elevated at 0.093. Keep enough energy to maintain momentum while avoiding excessive draft. Predicted flavor if followed: clarity 0.802, sweetness 0.738, body 0.454, bitterness 0.228. MPC solved successfully (objective 4.6343)."
2.0,roasting,183.42620929841212,222.17558200877403,106.22987410081156,75.0,90.0,65.0,183.48749511412666,106.64725593528405,0.7493237301316102,0.02962086718489048,0.0443142977604168,0.7825438027229561,0.0019069892979821893,0.05330445436094606,0.3347231883119115,75.0,90.0,65.0,75.57144679160739,88.42499226835145,65.24145449477955,0.807149999999999,0.7420499999999999,0.4574499999999989,0.23454999999999945,1,62.06880071954684,Solve_Succeeded,"WHAT: Gas +0.6%, Pressure -1.6 Pa, Drum +0.2% | WHY: Build sweetness, RoR 107 | HOW: Apply now, reassess next step"
4.0,roasting,188.94031289726078,224.30882969849935,151.3409730839691,75.57144679160739,88.42499226835145,65.24145449477955,188.77662323163813,152.20606850685576,0.7878352466197509,0.02917944799531329,0.04432958705921525,0.785171032971283,0.0036684734518194705,0.056935129699068575,0.369847908580573,75.57144679160739,88.42499226835145,65.24145449477955,76.1254666986261,87.0852599608486,65.37016602990278,0.807149999999999,0.7420499999999999,0.4574499999999989,0.23454999999999945,1,61.9840530334119,Solve_Succeeded,"WHAT: Gas +0.6%, Pressure -1.3 Pa, Drum +0.1% | WHY: Build sweetness, RoR 152 | HOW: Apply now, reassess next step"
6.0,roasting,195.2087465168729,225.17426214327037,189.9353998224236,76.1254666986261,87.0852599608486,65.37016602990278,195.1690908368123,190.18538119730005,0.8113377328785801,0.028687409286947442,0.041979132516438915,0.7879313269114246,0.0054272165653988305,0.06115199860009723,0.40537183688806105,76.1254666986261,87.0852599608486,65.37016602990278,76.62393888906533,85.95901517450316,65.43683065910774,0.8050499999999988,0.7416999999999999,0.4583999999999989,0.23544999999999944,1,62.00139113989725,Solve_Succeeded,"WHAT: Gas +0.5%, Pressure -1.1 Pa, Drum +0.1% | WHY: Near crack, protect clarity | HOW: Apply immediately, hold steady"
8.0,roasting,202.3768909004916,226.93006393870616,218.1272014170079,76.62393888906533,85.95901517450316,65.43683065910774,202.4110316242897,218.37605310228466,0.8428786347276654,0.02815678946257997,0.038338703602534475,0.7908544570374169,0.007127233281387689,0.0662214784110506,0.44126219974988706,76.62393888906533,85.95901517450316,65.43683065910774,76.86020134450898,85.40168215823118,65.46919346139826,0.8044999999999989,0.7407999999999998,0.460999999999999,0.23544999999999944,1,62.034303785953846,Solve_Succeeded,"WHAT: Gas +0.2%, Pressure -0.6 Pa, Drum +0.0% | WHY: Near crack, protect clarity | HOW: Apply immediately, hold steady"
10.0,roasting,209.98551835259943,228.50143325937177,241.8174338647666,76.86020134450898,85.40168215823118,65.46919346139826,210.13202025155687,238.68700867619702,0.8768810107568062,0.027601834144822986,0.03240325699306653,0.7939678686124675,0.008741487436489259,0.07249727022595918,0.4774810789306749,76.86020134450898,85.40168215823118,65.46919346139826,76.86020134450898,85.40168215823118,65.46919346139826,0.8169499999999992,0.7454000000000001,0.4427999999999988,0.21629999999999952,0,nan,"Fallback_Applied: Error in Opti::solve [OptiNode] at .../casadi/core/optistack.cpp:217:
.../casadi/core/optistack_internal.cpp:1338: Assertion ""return_success(accept_limit)"" failed:
Solver failed. You may use opti.debug.value to investigate the latest values of variables. return_status is 'Maximum_Iterations_Exceeded'","WHAT: Gas +0.0%, Pressure +0.0 Pa, Drum +0.0% | WHY: Near crack, protect clarity | HOW: Apply immediately, hold steady"
12.0,roasting,218.5499509101358,229.5080512681432,245.59813841495807,76.86020134450898,85.40168215823118,65.46919346139826,218.47615298101053,246.91108602542923,0.9053092122918008,0.027033700014088318,0.03148835762479051,0.7972927300288079,0.010226113585155409,0.08040886456594568,0.5140001049353617,76.86020134450898,85.40168215823118,65.46919346139826,76.86020134450898,85.40168215823118,65.46919346139826,0.8024499999999989,0.73915,0.4534999999999988,0.2285499999999995,0,nan,"Fallback_Applied: Error in Opti::solve [OptiNode] at .../casadi/core/optistack.cpp:217:
.../casadi/core/optistack_internal.cpp:1338: Assertion ""return_success(accept_limit)"" failed:
Solver failed. You may use opti.debug.value to investigate the latest values of variables. return_status is 'Maximum_Iterations_Exceeded'","WHAT: Gas +0.0%, Pressure +0.0 Pa, Drum +0.0% | WHY: Near crack, protect clarity | HOW: Apply immediately, hold steady"
14.0,roasting,226.7197832830171,230.73218781688246,245.23828699642408,76.86020134450898,85.40168215823118,65.46919346139826,226.70211041928425,245.8183672427859,0.9348151155246077,0.02646769471017059,0.029231538993621846,0.8008594161942183,0.011689805356977662,0.0905708445491626,0.5508006504968913,76.86020134450898,85.40168215823118,65.46919346139826,68.8602012784142,100.40168229161476,70.46916078592015,0.8024499999999989,0.73915,0.4534999999999988,0.2285499999999995,1,31.178014657932387,Solve_Succeeded,"WHAT: Gas -8.0%, Pressure +15.0 Pa, Drum +5.0% | WHY: Near crack, protect clarity | HOW: Apply immediately, hold steady"
16.0,roasting,234.2554952211506,227.5002841559963,226.6461027125927,68.8602012784142,100.40168229161476,70.46916078592015,234.24401606282632,226.11970939174904,0.9580628751884679,0.025914781282351747,0.0233396970200524,0.8046743831977666,0.013106170553247856,0.10490870512777767,0.5878820435268911,68.8602012784142,100.40168229161476,70.46916078592015,60.86020294078273,115.4016768082236,75.46825617011646,0.8024499999999989,0.73915,0.4534999999999988,0.2285499999999995,1,17.448492676192387,Solve_Succeeded,"WHAT: Gas -8.0%, Pressure +15.0 Pa, Drum +5.0% | WHY: Near crack, protect clarity | HOW: Apply immediately, hold steady"
18.0,roasting,240.58995037756694,223.21866582240057,187.53048307160856,60.86020294078273,115.4016768082236,75.46825617011646,240.57293587419335,188.64409306631623,0.9631117062533818,0.02539536826659395,0.014219643528671104,0.8087200289740696,0.014408769608181094,0.12455659155727834,0.6252461895561896,60.86020294078273,115.4016768082236,75.46825617011646,60.86020294078273,115.4016768082236,75.46825617011646,0.8024499999999989,0.73915,0.4534999999999988,0.2285499999999995,0,nan,"Fallback_Applied: Error in Opti::solve [OptiNode] at .../casadi/core/optistack.cpp:217:
.../casadi/core/optistack_internal.cpp:1338: Assertion ""return_success(accept_limit)"" failed:
Solver failed. You may use opti.debug.value to investigate the latest values of variables. return_status is 'Maximum_Iterations_Exceeded'","WHAT: Gas +0.0%, Pressure +0.0 Pa, Drum +0.0% | WHY: Near crack, protect clarity | HOW: Apply immediately, hold steady"
20.0,roasting,245.47520429878475,223.83879488806116,150.13189919423797,60.86020294078273,115.4016768082236,75.46825617011646,245.48294563943512,148.47585709236492,0.974392784015737,0.024927288926397336,0.004784882992424395,0.8129510394749703,0.015552978663415058,0.1483126446728537,0.6628905132492008,60.86020294078273,115.4016768082236,75.46825617011646,52.86020601278968,127.34963429469606,78.37152537300159,0.8024499999999989,0.73915,0.4534999999999988,0.2285499999999995,1,9.802065088113906,Solve_Succeeded,"WHAT: Gas -8.0%, Pressure +11.9 Pa, Drum +2.9% | WHY: Near crack, protect clarity | HOW: Apply immediately, hold steady"
22.0,roasting,248.80208395490524,219.4717093248384,97.78004067387155,52.86020601278968,127.34963429469606,78.37152537300159,248.75029844198428,96.70217249428055,0.9693178899639673,0.024510892179485932,0.0,0.8173061875107004,0.016552698847490225,0.177702044829839,0.7008075475563886,52.86020601278968,127.34963429469606,78.37152537300159,52.86020601278968,127.34963429469606,78.37152537300159,0.8024499999999989,0.73915,0.4534999999999988,0.2285499999999995,0,nan,"Fallback_Applied: Error in Opti::solve [OptiNode] at .../casadi/core/optistack.cpp:217:
.../casadi/core/optistack_internal.cpp:1338: Assertion ""return_success(accept_limit)"" failed:
Solver failed. You may use opti.debug.value to investigate the latest values of variables. return_status is 'Maximum_Iterations_Exceeded'","WHAT: Gas +0.0%, Pressure +0.0 Pa, Drum +0.0% | WHY: Near crack, protect clarity | HOW: Apply immediately, hold steady"
24.0,roasting,250.20509016145562,219.47033658838683,45.12412531144772,52.86020601278968,127.34963429469606,78.37152537300159,250.22377029227712,44.971354724295836,0.9673079404488998,0.024156018864688916,0.0,0.821709733927899,0.01748551578711581,0.21011812672789737,0.7389889786814771,52.86020601278968,127.34963429469606,78.37152537300159,51.59589759039171,127.57761727111753,79.49450671681053,0.8024499999999989,0.73915,0.4534999999999988,0.2285499999999995,1,8.064319851470977,Solve_Succeeded,"WHAT: Gas -1.3%, Pressure +0.2 Pa, Drum +1.1% | WHY: Near crack, protect clarity | HOW: Apply immediately, hold steady"
26.0,roasting,249.93321600956622,218.53977968477005,-6.06446563583946,51.59589759039171,127.57761727111753,79.49450671681053,249.99101150209117,-5.283900142658967,0.9591553563919927,0.02386001669614649,0.0,0.8260781157844233,0.018417447933583863,0.24404026303225335,0.7774305818019692,51.59589759039171,127.57761727111753,79.49450671681053,52.51657323162526,124.90175976478888,79.8170178223734,0.8024499999999989,0.73915,0.4534999999999988,0.2285499999999995,1,6.998849896957619,Solve_Succeeded,"WHAT: Gas +0.9%, Pressure -2.7 Pa, Drum +0.3% | WHY: Near crack, protect clarity | HOW: Apply immediately, hold steady"
28.0,roasting,248.60916699041405,219.46883220688966,-46.65180930260115,52.51657323162526,124.90175976478888,79.8170178223734,248.49699283913955,-48.134981122175596,0.9616804071279415,0.02361378139923394,0.0002457061242674536,0.8303353882674536,0.019348496126136146,0.27724864051454456,0.8161307827252674,52.51657323162526,124.90175976478888,79.8170178223734,53.48527952465104,122.7985391179229,79.74636806858216,0.8024499999999989,0.73915,0.4534999999999988,0.2285499999999995,1,5.4148230567386335,Solve_Succeeded,"WHAT: Gas +1.0%, Pressure -2.1 Pa, Drum -0.1% | WHY: Near crack, protect clarity | HOW: Apply immediately, hold steady"
30.0,roasting,246.53922807901625,220.00264447712607,-58.9875315428979,53.48527952465104,122.7985391179229,79.74636806858216,246.52022222107175,-59.64563604001426,0.9630025607139037,0.02337008726183069,0.0,0.8344315218777498,0.020281932278723696,0.30864243840775063,0.855084989290149,53.48527952465104,122.7985391179229,79.74636806858216,53.48527952465104,122.7985391179229,79.74636806858216,0.8024499999999989,0.73915,0.4534999999999988,0.2285499999999995,0,nan,"Fallback_Applied: Error in Opti::solve [OptiNode] at .../casadi/core/optistack.cpp:217:
.../casadi/core/optistack_internal.cpp:1338: Assertion ""return_success(accept_limit)"" failed:
Solver failed. You may use opti.debug.value to investigate the latest values of variables. return_status is 'Maximum_Iterations_Exceeded'","WHAT: Gas +0.0%, Pressure +0.0 Pa, Drum +0.0% | WHY: Near crack, protect clarity | HOW: Apply immediately, hold steady"
32.0,roasting,244.17333190739708,220.23445056120826,-56.90335485443961,53.48527952465104,122.7985391179229,79.74636806858216,244.32943254855067,-58.91617419905387,0.9669979361808336,0.023128908065772034,0.0,0.8383549314924873,0.021211211975314097,0.33822861471326093,0.8942869251002628,53.48527952465104,122.7985391179229,79.74636806858216,53.26310234400791,123.09014072361954,79.70243888132127,0.8024499999999989,0.73915,0.4534999999999988,0.2285499999999995,1,3.9008302260639307,Solve_Succeeded,"WHAT: Gas -0.2%, Pressure +0.3 Pa, Drum -0.0% | WHY: Near crack, protect clarity | HOW: Apply immediately, hold steady"
34.0,roasting,242.52819425079608,220.0520880886848,-57.27945179576287,53.26310234400791,123.09014072361954,79.70243888132127,242.43875148478566,-59.047808128517005,0.9673294850475618,0.022890217863265405,0.0,0.8421065291779063,0.02213961023388376,0.3659767283152034,0.933729261306451,53.26310234400791,123.09014072361954,79.70243888132127,52.710082075639754,124.04834261708046,79.69731438975245,0.8024499999999989,0.73915,0.4534999999999988,0.2285499999999995,1,3.681311197101423,Solve_Succeeded,"WHAT: Gas -0.6%, Pressure +1.0 Pa, Drum -0.0% | WHY: Near crack, protect clarity | HOW: Apply immediately, hold steady"
36.0,roasting,240.2460548713961,219.38204825557136,-60.014899531480765,52.710082075639754,124.04834261708046,79.69731438975245,240.3327683474214,-60.005214836018276,0.9614605200155147,0.022653990968835764,0.0,0.8457063718219564,0.023067127890492038,0.39233114491110166,0.9734050362163829,52.710082075639754,124.04834261708046,79.69731438975245,52.710082075639754,124.04834261708046,79.69731438975245,0.8024499999999989,0.73915,0.4534999999999988,0.2285499999999995,0,nan,"Fallback_Applied: Error in Opti::solve [OptiNode] at .../casadi/core/optistack.cpp:217:
.../casadi/core/optistack_internal.cpp:1338: Assertion ""return_success(accept_limit)"" failed:
Solver failed. You may use opti.debug.value to investigate the latest values of variables. return_status is 'Maximum_Iterations_Exceeded'","WHAT: Gas +0.0%, Pressure +0.0 Pa, Drum +0.0% | WHY: Near crack, protect clarity | HOW: Apply immediately, hold steady"
38.0,roasting,238.41432775595914,219.43650008295495,-60.9898779178296,52.710082075639754,124.04834261708046,79.69731438975245,238.37762602211714,-60.346457271240354,0.9599766631337059,0.022420201970077006,0.0,0.8491545678863898,0.02399376578040527,0.41707201113809433,1.0133080350876775,52.710082075639754,124.04834261708046,79.69731438975245,51.917004751164946,125.49842279978117,79.68154569304886,0.8024499999999989,0.73915,0.4534999999999988,0.2285499999999995,1,3.610468397081151,Solve_Succeeded,"WHAT: Gas -0.8%, Pressure +1.5 Pa, Drum -0.0% | WHY: Near crack, protect clarity | HOW: Apply immediately, hold steady"
40.0,roasting,236.3903809756128,218.69662038570013,-62.63003845429707,51.917004751164946,125.49842279978117,79.68154569304886,236.38464124653976,-60.92051345900397,0.9542104991283274,0.022188825712030336,0.0,0.8524639748565724,0.02491952473809753,0.4405861789193663,1.0534320791425216,51.917004751164946,125.49842279978117,79.68154569304886,51.917004751164946,125.49842279978117,79.68154569304886,0.8024499999999989,0.73915,0.4534999999999988,0.2285499999999995,0,nan,"Fallback_Applied: Error in Opti::solve [OptiNode] at .../casadi/core/optistack.cpp:217:
.../casadi/core/optistack_internal.cpp:1338: Assertion ""return_success(accept_limit)"" failed:
Solver failed. You may use opti.debug.value to investigate the latest values of variables. return_status is 'Maximum_Iterations_Exceeded'","WHAT: Gas +0.0%, Pressure +0.0 Pa, Drum +0.0% | WHY: Near crack, protect clarity | HOW: Apply immediately, hold steady"
2.0,roasting,180.79326887235618,222.9726021676512,24.409171260278487,75.0,90.0,65.0,180.7797378797959,23.425609941097466,0.7612790325147677,0.02967502901562041,0.045976893499857265,0.7825438027229561,0.0019069892979821893,0.05330445436094606,0.3347231883119115,75.0,90.0,65.0,75.06130958731751,89.6189380009011,65.15088610302038,0.8166999999999988,0.7391499999999993,0.437599999999999,0.21974999999999953,1,61.72479195976793,Solve_Succeeded,1,0,0,0,0,0,0,RoR high,"WHAT: Gas +0.1%, Pressure -0.4 Pa, Drum +0.2% | WHY: Build sweetness, RoR 23 | HOW: Apply now, reassess next step","Recommended action: change gas by 0.1% (from 75.0% to 75.1%), change drum pressure by -0.4 Pa (from 90.0 Pa to 89.6 Pa), and change drum speed by 0.2% (from 65.0% to 65.2%). RoastOS classifies the roast in Maillard because drying is substantially complete (p_dry=0.753) while development remains low (p_dev=0.002). RoR is 23.4°C/min, so the priority is sweetness development and controlled structure build. Predicted flavor if followed: clarity 0.817, sweetness 0.739, body 0.438, bitterness 0.220. MPC solved successfully with objective 61.7248."
4.0,roasting,181.71390497917878,223.31780934527873,30.17748078578548,75.06130958731751,89.6189380009011,65.15088610302038,181.77967239489868,31.628298060853453,0.7818155679572273,0.029338995293998357,0.04041659369883088,0.7850865749820541,0.0037089399859010115,0.056678587967838534,0.36975154482882894,75.06130958731751,89.6189380009011,65.15088610302038,75.06074384816533,89.42987342361309,65.26451927804919,0.8329999999999991,0.7457499999999997,0.42659999999999904,0.2076999999999996,1,61.76400804164378,Solve_Succeeded,1,0,0,0,0,0,0,RoR high,"WHAT: Gas -0.0%, Pressure -0.2 Pa, Drum +0.1% | WHY: Build sweetness, RoR 32 | HOW: Apply now, reassess next step","Recommended action: change gas by -0.0% (from 75.1% to 75.1%), change drum pressure by -0.2 Pa (from 89.6 Pa to 89.4 Pa), and change drum speed by 0.1% (from 65.2% to 65.3%). RoastOS classifies the roast in Maillard because drying is substantially complete (p_dry=0.756) while development remains low (p_dev=0.004). RoR is 31.6°C/min, so the priority is sweetness development and controlled structure build. Predicted flavor if followed: clarity 0.833, sweetness 0.746, body 0.427, bitterness 0.208. MPC solved successfully with objective 61.7640."
6.0,roasting,183.073742966244,224.9212854497604,37.934477159761556,75.06074384816533,89.42987342361309,65.26451927804919,183.07484898277542,38.559370530178406,0.8136637153163712,0.02899641152354746,0.03654048086221354,0.7876344549739319,0.005375743888579677,0.060151111265136406,0.40508182618656147,75.06074384816533,89.42987342361309,65.26451927804919,75.01595528216296,89.4531234047556,65.3103482084822,0.8234499999999991,0.7426499999999998,0.439049999999999,0.21664999999999957,1,61.81843921545533,Solve_Succeeded,1,0,0,0,0,0,0,RoR high,"WHAT: Gas -0.0%, Pressure +0.0 Pa, Drum +0.0% | WHY: Build sweetness, RoR 39 | HOW: Apply now, reassess next step","Recommended action: change gas by -0.0% (from 75.1% to 75.0%), change drum pressure by 0.0 Pa (from 89.4 Pa to 89.5 Pa), and change drum speed by 0.0% (from 65.3% to 65.3%). RoastOS classifies the roast in Maillard because drying is substantially complete (p_dry=0.758) while development remains low (p_dev=0.005). RoR is 38.6°C/min, so the priority is sweetness development and controlled structure build. Predicted flavor if followed: clarity 0.823, sweetness 0.743, body 0.439, bitterness 0.217. MPC solved successfully with objective 61.8184."
8.0,roasting,184.55947536632218,226.08735563934061,50.03888566604868,75.01595528216296,89.4531234047556,65.3103482084822,184.55872502697497,46.43130975723286,0.8438934610722446,0.028649176621684834,0.03284255266044031,0.7901953874434801,0.006953222801866746,0.06376177361989192,0.4407090014986893,75.01595528216296,89.4531234047556,65.3103482084822,74.852954997282,89.76753942165291,65.32537353256366,0.8231499999999989,0.7423499999999998,0.4393499999999991,0.21674999999999958,1,61.90510880254995,Solve_Succeeded,1,0,0,0,0,0,0,RoR high,"WHAT: Gas -0.2%, Pressure +0.3 Pa, Drum +0.0% | WHY: Build sweetness, RoR 46 | HOW: Apply now, reassess next step","Recommended action: change gas by -0.2% (from 75.0% to 74.9%), change drum pressure by 0.3 Pa (from 89.5 Pa to 89.8 Pa), and change drum speed by 0.0% (from 65.3% to 65.3%). RoastOS classifies the roast in Maillard because drying is substantially complete (p_dry=0.761) while development remains low (p_dev=0.007). RoR is 46.4°C/min, so the priority is sweetness development and controlled structure build. Predicted flavor if followed: clarity 0.823, sweetness 0.742, body 0.439, bitterness 0.217. MPC solved successfully with objective 61.9051."
10.0,roasting,186.18022254122278,226.78002697935142,50.77656653993534,74.852954997282,89.76753942165291,65.32537353256366,186.21062578883718,50.708473880100854,0.8673713087075476,0.028296392729583557,0.02851175444252253,0.7927736443459804,0.008449619280583916,0.06754468374929827,0.47662656639397993,74.852954997282,89.76753942165291,65.32537353256366,74.63763645900765,90.2044660182485,65.32877892683857,0.822349999999999,0.7404499999999997,0.4406999999999991,0.2182999999999996,1,61.9995957961622,Solve_Succeeded,1,0,0,0,0,0,0,RoR high,"WHAT: Gas -0.2%, Pressure +0.4 Pa, Drum +0.0% | WHY: Build sweetness, RoR 51 | HOW: Apply now, reassess next step","Recommended action: change gas by -0.2% (from 74.9% to 74.6%), change drum pressure by 0.4 Pa (from 89.8 Pa to 90.2 Pa), and change drum speed by 0.0% (from 65.3% to 65.3%). RoastOS classifies the roast in Maillard because drying is substantially complete (p_dry=0.764) while development remains low (p_dev=0.008). RoR is 50.7°C/min, so the priority is sweetness development and controlled structure build. Predicted flavor if followed: clarity 0.822, sweetness 0.740, body 0.441, bitterness 0.218. MPC solved successfully with objective 61.9996."
12.0,roasting,188.171108413608,228.3008787192759,53.6176430177753,74.63763645900765,90.2044660182485,65.32877892683857,188.0964621576493,53.760915147708566,0.9010517543860475,0.027942738433040286,0.026565157338936784,0.7953726964489868,0.00985645081386993,0.07153129798292006,0.5128267974675601,74.63763645900765,90.2044660182485,65.32877892683857,74.32811567544216,90.86703543252342,65.30909260760066,0.822349999999999,0.7404499999999997,0.4406999999999991,0.2182999999999996,1,62.11583304211463,Solve_Succeeded,1,0,0,0,0,0,0,RoR high,"WHAT: Gas -0.3%, Pressure +0.7 Pa, Drum -0.0% | WHY: Build sweetness, RoR 54 | HOW: Apply now, reassess next step","Recommended action: change gas by -0.3% (from 74.6% to 74.3%), change drum pressure by 0.7 Pa (from 90.2 Pa to 90.9 Pa), and change drum speed by -0.0% (from 65.3% to 65.3%). RoastOS classifies the roast in Maillard because drying is substantially complete (p_dry=0.767) while development remains low (p_dev=0.010). RoR is 53.8°C/min, so the priority is sweetness development and controlled structure build. Predicted flavor if followed: clarity 0.822, sweetness 0.740, body 0.441, bitterness 0.218. MPC solved successfully with objective 62.1158."
14.0,roasting,189.5618973974177,228.95728936008618,53.31628930651735,74.32811567544216,90.86703543252342,65.30909260760066,189.74443136239503,55.146493581782664,0.9265400614019078,0.027589826288110124,0.018800612416187457,0.7979977466578911,0.011223650731851813,0.07576842973072087,0.5493015653667744,74.32811567544216,90.86703543252342,65.30909260760066,73.93254339856587,91.67416082342149,65.29929362793074,0.822649999999999,0.7427499999999999,0.43994999999999906,0.2175499999999996,1,62.22096216574189,Solve_Succeeded,1,0,0,0,0,0,0,RoR high,"WHAT: Gas -0.4%, Pressure +0.8 Pa, Drum -0.0% | WHY: Build sweetness, RoR 55 | HOW: Apply now, reassess next step","Recommended action: change gas by -0.4% (from 74.3% to 73.9%), change drum pressure by 0.8 Pa (from 90.9 Pa to 91.7 Pa), and change drum speed by -0.0% (from 65.3% to 65.3%). RoastOS classifies the roast in Maillard because drying is substantially complete (p_dry=0.770) while development remains low (p_dev=0.011). RoR is 55.1°C/min, so the priority is sweetness development and controlled structure build. Predicted flavor if followed: clarity 0.823, sweetness 0.743, body 0.440, bitterness 0.218. MPC solved successfully with objective 62.2210."
16.0,roasting,191.9129172167873,229.79222911422886,56.582451342187426,73.93254339856587,91.67416082342149,65.29929362793074,191.79238961731423,56.86646948658156,0.9521192588119614,0.027239719872168784,0.017850370254841087,0.8006403910060674,0.012448152729918466,0.0802439490247459,0.5860372282265638,73.93254339856587,91.67416082342149,65.29929362793074,73.53668832511927,92.47057260149239,65.29245180665919,0.810499999999999,0.7423499999999998,0.4534999999999989,0.23529999999999948,1,62.323587806382285,Solve_Succeeded,1,0,0,0,0,0,0,RoR high,"WHAT: Gas -0.4%, Pressure +0.8 Pa, Drum -0.0% | WHY: Near crack, protect clarity | HOW: Apply immediately, hold steady","Recommended action: change gas by -0.4% (from 73.9% to 73.5%), change drum pressure by 0.8 Pa (from 91.7 Pa to 92.5 Pa), and change drum speed by -0.0% (from 65.3% to 65.3%). RoastOS classifies the roast as approaching crack because bean temperature is 191.8°C and internal pressure proxy is 0.018, while development is still limited (p_dev=0.012). The priority is to protect clarity, manage RoR, and limit volatile stripping. Predicted flavor if followed: clarity 0.810, sweetness 0.742, body 0.453, bitterness 0.235. MPC solved successfully with objective 62.3236."
18.0,roasting,193.7320276740409,230.31681877755142,56.87945118585454,73.53668832511927,92.47057260149239,65.29245180665919,193.7295752150602,57.62447679872336,0.9730656688797471,0.02689203368199745,0.014085725976765651,0.8033106723414494,0.013654887455202656,0.08502786866411263,0.6230233595494735,73.53668832511927,92.47057260149239,65.29245180665919,65.53668835405499,107.47057244831683,70.29244961534987,0.7938999999999988,0.7350499999999994,0.46429999999999894,0.24779999999999944,1,40.47961830322483,Solve_Succeeded,1,0,0,0,0,0,0,RoR high,"WHAT: Gas -8.0%, Pressure +15.0 Pa, Drum +5.0% | WHY: Near crack, protect clarity | HOW: Apply immediately, hold steady","Recommended action: change gas by -8.0% (from 73.5% to 65.5%), change drum pressure by 15.0 Pa (from 92.5 Pa to 107.5 Pa), and change drum speed by 5.0% (from 65.3% to 70.3%). RoastOS classifies the roast as approaching crack because bean temperature is 193.7°C and internal pressure proxy is 0.014, while development is still limited (p_dev=0.014). The priority is to protect clarity, manage RoR, and limit volatile stripping. Predicted flavor if followed: clarity 0.794, sweetness 0.735, body 0.464, bitterness 0.248. MPC solved successfully with objective 40.4796."
20.0,roasting,195.48336322330317,226.63133427949347,55.2207751424827,65.53668835405499,107.47057244831683,70.29244961534987,195.5222155075084,55.209736442833446,0.9861543938033207,0.026547902649711987,0.006048286916383761,0.8060040110921245,0.014797806958770317,0.090593239506972,0.6602521207850034,65.53668835405499,107.47057244831683,70.29244961534987,65.57703066146351,105.26544081435209,71.43048038589129,0.7902499999999988,0.7342499999999994,0.4691499999999989,0.24794999999999945,1,65.77647292719146,Solve_Succeeded,1,0,0,0,0,0,0,RoR high,"WHAT: Gas +0.0%, Pressure -2.2 Pa, Drum +1.1% | WHY: Near crack, protect clarity | HOW: Apply immediately, hold steady","Recommended action: change gas by 0.0% (from 65.5% to 65.6%), change drum pressure by -2.2 Pa (from 107.5 Pa to 105.3 Pa), and change drum speed by 1.1% (from 70.3% to 71.4%). RoastOS classifies the roast as approaching crack because bean temperature is 195.5°C and internal pressure proxy is 0.006, while development is still limited (p_dev=0.015). The priority is to protect clarity, manage RoR, and limit volatile stripping. Predicted flavor if followed: clarity 0.790, sweetness 0.734, body 0.469, bitterness 0.248. MPC solved successfully with objective 65.7765."
22.0,roasting,197.4165394896609,227.9786268784393,51.18387629523588,65.57703066146351,105.26544081435209,71.43048038589129,197.3599458874468,52.40128492602919,1.0082950826675363,0.026210927017753648,0.0008977338280042257,0.8087150487634096,0.01581644558354471,0.09638928592483742,0.6977126345044051,65.57703066146351,105.26544081435209,71.43048038589129,66.4322532997002,102.04221058855588,72.23117988829273,0.806599999999999,0.74115,0.460149999999999,0.23504999999999945,1,65.19178069813819,Solve_Succeeded,1,0,0,0,0,0,0,RoR high,"WHAT: Gas +0.9%, Pressure -3.2 Pa, Drum +0.8% | WHY: Near crack, protect clarity | HOW: Apply immediately, hold steady","Recommended action: change gas by 0.9% (from 65.6% to 66.4%), change drum pressure by -3.2 Pa (from 105.3 Pa to 102.0 Pa), and change drum speed by 0.8% (from 71.4% to 72.2%). RoastOS classifies the roast as approaching crack because bean temperature is 197.4°C and internal pressure proxy is 0.001, while development is still limited (p_dev=0.016). The priority is to protect clarity, manage RoR, and limit volatile stripping. Predicted flavor if followed: clarity 0.807, sweetness 0.741, body 0.460, bitterness 0.235. MPC solved successfully with objective 65.1918."
24.0,roasting,199.31475169557928,228.80114152853054,52.72513294525512,66.4322532997002,102.04221058855588,72.23117988829273,199.2006675845215,51.628864976919836,1.0206779028345585,0.025881389823173048,0.0009739361502933814,0.8114438744984398,0.016762008660080506,0.1023952003576052,0.7353915409869927,66.4322532997002,102.04221058855588,72.23117988829273,58.432253260420886,117.04221062436919,74.99991357170178,0.7924499999999987,0.7339999999999997,0.47194999999999887,0.24824999999999936,1,21.882858693417674,Solve_Succeeded,1,0,0,0,0,0,0,RoR high,"WHAT: Gas -8.0%, Pressure +15.0 Pa, Drum +2.8% | WHY: Near crack, protect clarity | HOW: Apply immediately, hold steady","Recommended action: change gas by -8.0% (from 66.4% to 58.4%), change drum pressure by 15.0 Pa (from 102.0 Pa to 117.0 Pa), and change drum speed by 2.8% (from 72.2% to 75.0%). RoastOS classifies the roast as approaching crack because bean temperature is 199.2°C and internal pressure proxy is 0.001, while development is still limited (p_dev=0.017). The priority is to protect clarity, manage RoR, and limit volatile stripping. Predicted flavor if followed: clarity 0.792, sweetness 0.734, body 0.472, bitterness 0.248. MPC solved successfully with objective 21.8829."
26.0,roasting,200.68160085929176,224.49668676763383,46.888899527135884,58.432253260420886,117.04221062436919,74.99991357170178,200.72088349297903,46.99156115229888,1.021125147170505,0.025556852088707987,0.0,0.8141894193451583,0.017707691712746682,0.10932562112664979,0.7732800615019942,58.432253260420886,117.04221062436919,74.99991357170178,51.545246633534674,129.94855558924044,75.4637877965635,0.8024499999999989,0.73915,0.4534999999999988,0.2285499999999995,1,9.339014825114672,Solve_Succeeded,1,0,0,0,0,0,0,RoR high,"WHAT: Gas -6.9%, Pressure +12.9 Pa, Drum +0.5% | WHY: Near crack, protect clarity | HOW: Apply immediately, hold steady","Recommended action: change gas by -6.9% (from 58.4% to 51.5%), change drum pressure by 12.9 Pa (from 117.0 Pa to 129.9 Pa), and change drum speed by 0.5% (from 75.0% to 75.5%). RoastOS classifies the roast as approaching crack because bean temperature is 200.7°C and internal pressure proxy is 0.000, while development is still limited (p_dev=0.018). The priority is to protect clarity, manage RoR, and limit volatile stripping. Predicted flavor if followed: clarity 0.802, sweetness 0.739, body 0.453, bitterness 0.229. MPC solved successfully with objective 9.3390."
28.0,roasting,201.87527587525972,220.35508744512074,39.8876673388798,51.545246633534674,129.94855558924044,75.4637877965635,201.96294113441513,40.27016291981611,1.0109575292003488,0.02524147757305419,0.0,0.8169415777584086,0.018639413121469293,0.1171049357405474,0.8113743057024444,51.545246633534674,129.94855558924044,75.4637877965635,47.01516583953844,137.6978566976036,76.17063524553281,0.8024499999999989,0.73915,0.4534999999999988,0.2285499999999995,1,4.33274056092387,Solve_Succeeded,1,0,0,0,0,0,0,RoR high,"WHAT: Gas -4.5%, Pressure +7.7 Pa, Drum +0.7% | WHY: Near crack, protect clarity | HOW: Apply immediately, hold steady","Recommended action: change gas by -4.5% (from 51.5% to 47.0%), change drum pressure by 7.7 Pa (from 129.9 Pa to 137.7 Pa), and change drum speed by 0.7% (from 75.5% to 76.2%). RoastOS classifies the roast as approaching crack because bean temperature is 202.0°C and internal pressure proxy is 0.000, while development is still limited (p_dev=0.019). The priority is to protect clarity, manage RoR, and limit volatile stripping. Predicted flavor if followed: clarity 0.802, sweetness 0.739, body 0.453, bitterness 0.229. MPC solved successfully with objective 4.3327."
30.0,roasting,202.9704243713748,217.71721180170795,34.468568474547425,47.01516583953844,137.6978566976036,76.17063524553281,203.01253229730463,33.534598877097714,1.0004572393583908,0.024937288301481172,0.0,0.8196915764483758,0.019570250776164567,0.12550709393025725,0.8496702037105198,47.01516583953844,137.6978566976036,76.17063524553281,43.721960650216225,142.5912070333609,77.08657553758849,0.8024499999999989,0.73915,0.4534999999999988,0.2285499999999995,1,3.3592817537298942,Solve_Succeeded,1,0,0,0,0,0,0,RoR high,"WHAT: Gas -3.3%, Pressure +4.9 Pa, Drum +0.9% | WHY: Near crack, protect clarity | HOW: Apply immediately, hold steady","Recommended action: change gas by -3.3% (from 47.0% to 43.7%), change drum pressure by 4.9 Pa (from 137.7 Pa to 142.6 Pa), and change drum speed by 0.9% (from 76.2% to 77.1%). RoastOS classifies the roast as approaching crack because bean temperature is 203.0°C and internal pressure proxy is 0.000, while development is still limited (p_dev=0.020). The priority is to protect clarity, manage RoR, and limit volatile stripping. Predicted flavor if followed: clarity 0.802, sweetness 0.739, body 0.453, bitterness 0.229. MPC solved successfully with objective 3.3593."
32.0,roasting,203.9405208087852,215.74243945884936,24.661055012378192,43.721960650216225,142.5912070333609,77.08657553758849,203.91435765144666,25.59340841020006,0.9897417268450256,0.024643986074224942,0.0,0.8224332193182257,0.020500205515088632,0.13439144689414703,0.8881657078358087,43.721960650216225,142.5912070333609,77.08657553758849,41.294151070701474,145.49920172612818,78.14007655494311,0.8024499999999989,0.73915,0.4534999999999988,0.2285499999999995,1,3.67993009167355,Solve_Succeeded,1,0,0,0,0,0,0,RoR high,"WHAT: Gas -2.4%, Pressure +2.9 Pa, Drum +1.1% | WHY: Near crack, protect clarity | HOW: Apply immediately, hold steady","Recommended action: change gas by -2.4% (from 43.7% to 41.3%), change drum pressure by 2.9 Pa (from 142.6 Pa to 145.5 Pa), and change drum speed by 1.1% (from 77.1% to 78.1%). RoastOS classifies the roast as approaching crack because bean temperature is 203.9°C and internal pressure proxy is 0.000, while development is still limited (p_dev=0.021). The priority is to protect clarity, manage RoR, and limit volatile stripping. Predicted flavor if followed: clarity 0.802, sweetness 0.739, body 0.453, bitterness 0.229. MPC solved successfully with objective 3.6799."
34.0,roasting,204.60432254554735,213.70742453148966,18.90802221264649,41.294151070701474,145.49920172612818,78.14007655494311,204.57263635464182,18.699054936816424,0.9710371084217432,0.02436254766165573,0.0,0.8251617288811639,0.021429278175702515,0.14364975354786605,0.9268591292014539,41.294151070701474,145.49920172612818,78.14007655494311,39.63275323685034,146.74000293369545,79.26706463577926,0.8024499999999989,0.73915,0.4534999999999988,0.2285499999999995,1,4.45398323724325,Solve_Succeeded,0,0,0,0,0,0,0,,"WHAT: Gas -1.7%, Pressure +1.2 Pa, Drum +1.1% | WHY: Near crack, protect clarity | HOW: Apply immediately, hold steady","Recommended action: change gas by -1.7% (from 41.3% to 39.6%), change drum pressure by 1.2 Pa (from 145.5 Pa to 146.7 Pa), and change drum speed by 1.1% (from 78.1% to 79.3%). RoastOS classifies the roast as approaching crack because bean temperature is 204.6°C and internal pressure proxy is 0.000, while development is still limited (p_dev=0.021). The priority is to protect clarity, manage RoR, and limit volatile stripping. Predicted flavor if followed: clarity 0.802, sweetness 0.739, body 0.453, bitterness 0.229. MPC solved successfully with objective 4.4540."
36.0,roasting,204.9700461244904,212.37379727785236,10.982968422067202,39.63275323685034,146.74000293369545,79.26706463577926,204.97275161600595,11.710767425445235,0.9536451260717885,0.024091545023532262,0.0,0.8278698400116901,0.022357469594672896,0.15314942372141183,0.9657483887357262,39.63275323685034,146.74000293369545,79.26706463577926,38.53628275858259,146.8037669274115,79.99625611417693,0.8024499999999989,0.73915,0.4534999999999988,0.2285499999999995,1,5.220882919994797,Solve_Succeeded,0,0,0,0,0,0,0,,"WHAT: Gas -1.1%, Pressure +0.1 Pa, Drum +0.7% | WHY: Near crack, protect clarity | HOW: Apply immediately, hold steady","Recommended action: change gas by -1.1% (from 39.6% to 38.5%), change drum pressure by 0.1 Pa (from 146.7 Pa to 146.8 Pa), and change drum speed by 0.7% (from 79.3% to 80.0%). RoastOS classifies the roast as approaching crack because bean temperature is 205.0°C and internal pressure proxy is 0.000, while development is still limited (p_dev=0.022). The priority is to protect clarity, manage RoR, and limit volatile stripping. Predicted flavor if followed: clarity 0.802, sweetness 0.739, body 0.453, bitterness 0.229. MPC solved successfully with objective 5.2209."
38.0,roasting,205.07352778972768,210.8267500149228,2.4663285068407386,38.53628275858259,146.8037669274115,79.99625611417693,205.11665946246228,4.697389516800207,0.9291579373551071,0.023830795867916952,0.0,0.8305501991908493,0.023284780607872865,0.16276675937736362,1.0048312882363626,38.53628275858259,146.8037669274115,79.99625611417693,37.95276742227564,145.87270778090652,79.99988129389338,0.8024499999999989,0.73915,0.4534999999999988,0.2285499999999995,1,5.871134079592531,Solve_Succeeded,0,0,0,0,0,0,0,,"WHAT: Gas -0.6%, Pressure -0.9 Pa, Drum +0.0% | WHY: Near crack, protect clarity | HOW: Apply immediately, hold steady","Recommended action: change gas by -0.6% (from 38.5% to 38.0%), change drum pressure by -0.9 Pa (from 146.8 Pa to 145.9 Pa), and change drum speed by 0.0% (from 80.0% to 80.0%). RoastOS classifies the roast as approaching crack because bean temperature is 205.1°C and internal pressure proxy is 0.000, while development is still limited (p_dev=0.023). The priority is to protect clarity, manage RoR, and limit volatile stripping. Predicted flavor if followed: clarity 0.802, sweetness 0.739, body 0.453, bitterness 0.229. MPC solved successfully with objective 5.8711."
40.0,roasting,205.12849680329697,209.73318537217935,1.6691793437445868,37.95276742227564,145.87270778090652,79.99988129389338,205.12107808450645,0.49356310233145634,0.9047893205192148,0.023580055350164518,0.0,0.8331958603254157,0.024211212050382673,0.17238245157358584,1.0441054828656406,37.95276742227564,145.87270778090652,79.99988129389338,37.753274483462775,144.24980086247254,79.99989118193983,0.8024499999999989,0.73915,0.4534999999999988,0.2285499999999995,1,6.290347943069035,Solve_Succeeded,0,1,0,0,0,0,0,RoR low,"WHAT: Gas -0.2%, Pressure -1.6 Pa, Drum +0.0% | WHY: Near crack, protect clarity | HOW: Apply immediately, hold steady","Recommended action: change gas by -0.2% (from 38.0% to 37.8%), change drum pressure by -1.6 Pa (from 145.9 Pa to 144.2 Pa), and change drum speed by 0.0% (from 80.0% to 80.0%). RoastOS classifies the roast as approaching crack because bean temperature is 205.1°C and internal pressure proxy is 0.000, while development is still limited (p_dev=0.024). The priority is to protect clarity, manage RoR, and limit volatile stripping. Predicted flavor if followed: clarity 0.802, sweetness 0.739, body 0.453, bitterness 0.229. MPC solved successfully with objective 6.2903."
2.0,roasting,181.10953106725668,304.85246810319745,47.63105316485175,75.0,90.0,65.0,181.1655773158953,47.870868607698114,0.7287898472511584,0.02381488825703196,0.07255676266739178,0.9049363131458144,0.0,0.0529617878874886,0.3072493631314581,75.0,90.0,65.0,75.49802610852468,88.7493134838707,65.00000000000004,0.8212499999999988,0.7383499999999996,0.44224999999999887,0.2210999999999995,1,91.58702016447229,Solve_Succeeded,1,0,0,0,0,0,0,RoR high,"WHAT: Gas +0.5%, Pressure -1.3 Pa, Drum +0.0% | WHY: Build sweetness, RoR 48 | HOW: Apply now, reassess next step","Recommended action: change gas by 0.5% (from 75.0% to 75.5%), change drum pressure by -1.3 Pa (from 90.0 Pa to 88.7 Pa), and change drum speed by 0.0% (from 65.0% to 65.0%). RoastOS classifies the roast in Maillard because drying is substantially complete (p_dry=0.802) while development remains low (p_dev=0.000). RoR is 47.9°C/min, so the priority is sweetness development and controlled structure build. Predicted flavor if followed: clarity 0.821, sweetness 0.738, body 0.442, bitterness 0.221. MPC solved successfully with objective 91.5870."
4.0,roasting,181.1038157381397,306.08229203244184,45.96928324814928,75.49802610852468,88.7493134838707,65.00000000000004,181.20601977439713,47.28924913685225,0.7321360044486058,0.018893430166626056,0.09451594483458045,1.0,0.0,0.056156033852396904,0.3145026005642066,75.49802610852468,88.7493134838707,65.00000000000004,75.99397977662812,87.50023344336512,65.00000000000074,0.8207499999999989,0.7380999999999998,0.4451499999999989,0.22344999999999948,1,91.45580239232196,Solve_Succeeded,1,0,0,0,0,0,0,RoR high,"WHAT: Gas +0.5%, Pressure -1.2 Pa, Drum +0.0% | WHY: Build sweetness, RoR 47 | HOW: Apply now, reassess next step","Recommended action: change gas by 0.5% (from 75.5% to 76.0%), change drum pressure by -1.2 Pa (from 88.7 Pa to 87.5 Pa), and change drum speed by 0.0% (from 65.0% to 65.0%). RoastOS classifies the roast in Maillard because drying is substantially complete (p_dry=0.843) while development remains low (p_dev=0.000). RoR is 47.3°C/min, so the priority is sweetness development and controlled structure build. Predicted flavor if followed: clarity 0.821, sweetness 0.738, body 0.445, bitterness 0.223. MPC solved successfully with objective 91.4558."
6.0,roasting,181.5964455058366,307.0554501445088,50.68942436592098,75.99397977662812,87.50023344336512,65.00000000000074,181.50429711474914,48.94129852807234,0.7403670721952816,0.014983276910370533,0.12111367509023663,1.0,0.0,0.05949604498060483,0.3217582674163434,75.99397977662812,87.50023344336512,65.00000000000074,76.47827928196327,86.26920868599807,65.00000000000085,0.8047999999999987,0.7361999999999997,0.46159999999999884,0.23999999999999935,1,91.06038269050397,Solve_Succeeded,1,0,0,0,0,0,0,RoR high,"WHAT: Gas +0.5%, Pressure -1.2 Pa, Drum +0.0% | WHY: Build sweetness, RoR 49 | HOW: Apply now, reassess next step","Recommended action: change gas by 0.5% (from 76.0% to 76.5%), change drum pressure by -1.2 Pa (from 87.5 Pa to 86.3 Pa), and change drum speed by 0.0% (from 65.0% to 65.0%). RoastOS classifies the roast in Maillard because drying is substantially complete (p_dry=0.875) while development remains low (p_dev=0.000). RoR is 48.9°C/min, so the priority is sweetness development and controlled structure build. Predicted flavor if followed: clarity 0.805, sweetness 0.736, body 0.462, bitterness 0.240. MPC solved successfully with objective 91.0604."
8.0,roasting,181.89391081502893,308.3247204868177,48.12459292457432,76.47827928196327,86.26920868599807,65.00000000000085,181.78659308646976,48.04360752360102,0.742646926817097,0.011862602924530738,0.14897518146856173,1.0,0.0,0.06346906971769206,0.32902448449529487,76.47827928196327,86.26920868599807,65.00000000000085,76.47827928196327,86.26920868599807,65.00000000000085,0.8047999999999987,0.7361999999999997,0.46149999999999886,0.23949999999999938,0,nan,"Fallback_Applied: Error in Opti::solve [OptiNode] at .../casadi/core/optistack.cpp:217:
.../casadi/core/optistack_internal.cpp:1338: Assertion ""return_success(accept_limit)"" failed:
Solver failed. You may use opti.debug.value to investigate the latest values of variables. return_status is 'Maximum_Iterations_Exceeded'",1,0,0,0,0,0,1,RoR high; MPC fallback,"WHAT: Gas +0.0%, Pressure +0.0 Pa, Drum +0.0% | WHY: Build sweetness, RoR 48 | HOW: Apply now, reassess next step","Recommended action: change gas by 0.0% (from 76.5% to 76.5%), change drum pressure by 0.0 Pa (from 86.3 Pa to 86.3 Pa), and change drum speed by 0.0% (from 65.0% to 65.0%). RoastOS classifies the roast in Maillard because drying is substantially complete (p_dry=0.901) while development remains low (p_dev=0.000). RoR is 48.0°C/min, so the priority is sweetness development and controlled structure build. Predicted flavor if followed: clarity 0.805, sweetness 0.736, body 0.461, bitterness 0.239. MPC fallback was used because the optimizer did not converge (Fallback_Applied: Error in Opti::solve [OptiNode] at .../casadi/core/optistack.cpp:217:
.../casadi/core/optistack_internal.cpp:1338: Assertion ""return_success(accept_limit)"" failed:
Solver failed. You may use opti.debug.value to investigate the latest values of variables. return_status is 'Maximum_Iterations_Exceeded')."
10.0,roasting,181.9312953138606,309.19400629956704,49.281020784081704,76.47827928196327,86.26920868599807,65.00000000000085,181.9490675112294,48.448357274428595,0.7475231687521191,0.00937318889776089,0.17500299805116928,1.0,0.0,0.06819896352359103,0.33630331605872654,76.47827928196327,86.26920868599807,65.00000000000085,76.94710664803434,85.07368311337538,65.00000000000098,0.8047999999999987,0.7361999999999997,0.46149999999999886,0.23949999999999938,1,90.57117200023784,Solve_Succeeded,1,0,0,0,0,0,0,RoR high,"WHAT: Gas +0.5%, Pressure -1.2 Pa, Drum +0.0% | WHY: Build sweetness, RoR 48 | HOW: Apply now, reassess next step","Recommended action: change gas by 0.5% (from 76.5% to 76.9%), change drum pressure by -1.2 Pa (from 86.3 Pa to 85.1 Pa), and change drum speed by 0.0% (from 65.0% to 65.0%). RoastOS classifies the roast in Maillard because drying is substantially complete (p_dry=0.922) while development remains low (p_dev=0.000). RoR is 48.4°C/min, so the priority is sweetness development and controlled structure build. Predicted flavor if followed: clarity 0.805, sweetness 0.736, body 0.461, bitterness 0.239. MPC solved successfully with objective 90.5712."
12.0,roasting,182.1603136002841,310.7397225564641,47.22080809893979,76.94710664803434,85.07368311337538,65.00000000000098,182.145767937242,47.72728283462893,0.7606089660560037,0.007398820861465351,0.20235209957909397,1.0,0.0,0.07330613929471504,0.34358843565491193,76.94710664803434,85.07368311337538,65.00000000000098,77.39966152072606,83.90161547212922,65.00000000000098,0.8047999999999987,0.7361999999999997,0.46149999999999886,0.23949999999999938,1,90.10578494700601,Solve_Succeeded,1,0,0,0,0,0,0,RoR high,"WHAT: Gas +0.5%, Pressure -1.2 Pa, Drum +0.0% | WHY: Near crack, protect clarity | HOW: Apply immediately, hold steady","Recommended action: change gas by 0.5% (from 76.9% to 77.4%), change drum pressure by -1.2 Pa (from 85.1 Pa to 83.9 Pa), and change drum speed by 0.0% (from 65.0% to 65.0%). RoastOS classifies the roast as approaching crack because bean temperature is 182.1°C and internal pressure proxy is 0.202, while development is still limited (p_dev=0.000). The priority is to protect clarity, manage RoR, and limit volatile stripping. Predicted flavor if followed: clarity 0.805, sweetness 0.736, body 0.461, bitterness 0.239. MPC solved successfully with objective 90.1058."
14.0,roasting,182.28297848849257,312.0938671472559,49.27189748493079,77.39966152072606,83.90161547212922,65.00000000000098,182.32435417043104,48.445164119725774,0.757121639670043,0.005831198486407785,0.22932823562359483,1.0,0.0,0.07900595797076898,0.35088343263284616,77.39966152072606,83.90161547212922,65.00000000000098,77.8544252746839,82.73621486805892,65.0000000000014,0.8047999999999987,0.7361999999999997,0.46149999999999886,0.23949999999999938,1,90.09987879781272,Solve_Succeeded,1,0,0,0,0,0,0,RoR high,"WHAT: Gas +0.5%, Pressure -1.2 Pa, Drum +0.0% | WHY: Near crack, protect clarity | HOW: Apply immediately, hold steady","Recommended action: change gas by 0.5% (from 77.4% to 77.9%), change drum pressure by -1.2 Pa (from 83.9 Pa to 82.7 Pa), and change drum speed by 0.0% (from 65.0% to 65.0%). RoastOS classifies the roast as approaching crack because bean temperature is 182.3°C and internal pressure proxy is 0.229, while development is still limited (p_dev=0.000). The priority is to protect clarity, manage RoR, and limit volatile stripping. Predicted flavor if followed: clarity 0.805, sweetness 0.736, body 0.461, bitterness 0.239. MPC solved successfully with objective 90.0999."
16.0,roasting,182.36400612134236,313.82873175412936,47.651836590823855,77.8544252746839,82.73621486805892,65.0000000000014,182.43297825437915,47.878142806788354,0.7858706871209644,0.004591565064567872,0.2562463705048965,1.0,0.0,0.08504742403818684,0.3581841237339698,77.8544252746839,82.73621486805892,65.0000000000014,77.8544252746839,82.73621486805892,65.0000000000014,0.8125999999999984,0.7369999999999998,0.4503999999999988,0.2316499999999994,0,nan,"Fallback_Applied: Error in Opti::solve [OptiNode] at .../casadi/core/optistack.cpp:217:
.../casadi/core/optistack_internal.cpp:1338: Assertion ""return_success(accept_limit)"" failed:
Solver failed. You may use opti.debug.value to investigate the latest values of variables. return_status is 'Maximum_Iterations_Exceeded'",1,0,0,1,0,0,1,RoR high; Pressure high; MPC fallback,"WHAT: Gas +0.0%, Pressure +0.0 Pa, Drum +0.0% | WHY: Near crack, protect clarity | HOW: Apply immediately, hold steady","Recommended action: change gas by 0.0% (from 77.9% to 77.9%), change drum pressure by 0.0 Pa (from 82.7 Pa to 82.7 Pa), and change drum speed by 0.0% (from 65.0% to 65.0%). RoastOS classifies the roast as approaching crack because bean temperature is 182.4°C and internal pressure proxy is 0.256, while development is still limited (p_dev=0.000). The priority is to protect clarity, manage RoR, and limit volatile stripping. Predicted flavor if followed: clarity 0.813, sweetness 0.737, body 0.450, bitterness 0.232. MPC fallback was used because the optimizer did not converge (Fallback_Applied: Error in Opti::solve [OptiNode] at .../casadi/core/optistack.cpp:217:
.../casadi/core/optistack_internal.cpp:1338: Assertion ""return_success(accept_limit)"" failed:
Solver failed. You may use opti.debug.value to investigate the latest values of variables. return_status is 'Maximum_Iterations_Exceeded')."
18.0,roasting,182.73691054516487,314.50750952622474,46.37598444615069,77.8544252746839,82.73621486805892,65.0000000000014,182.72817794390022,47.431594556152746,0.7497478231190634,0.00361086405195516,0.28549195896902135,1.0,0.0,0.09156943547317109,0.36549282392455285,77.8544252746839,82.73621486805892,65.0000000000014,77.8544252746839,82.73621486805892,65.0000000000014,0.8047999999999987,0.7361999999999997,0.46149999999999886,0.23949999999999938,0,nan,"Fallback_Applied: Error in Opti::solve [OptiNode] at .../casadi/core/optistack.cpp:217:
.../casadi/core/optistack_internal.cpp:1338: Assertion ""return_success(accept_limit)"" failed:
Solver failed. You may use opti.debug.value to investigate the latest values of variables. return_status is 'Maximum_Iterations_Exceeded'",1,0,0,1,0,0,1,RoR high; Pressure high; MPC fallback,"WHAT: Gas +0.0%, Pressure +0.0 Pa, Drum +0.0% | WHY: Near crack, protect clarity | HOW: Apply immediately, hold steady","Recommended action: change gas by 0.0% (from 77.9% to 77.9%), change drum pressure by 0.0 Pa (from 82.7 Pa to 82.7 Pa), and change drum speed by 0.0% (from 65.0% to 65.0%). RoastOS classifies the roast as approaching crack because bean temperature is 182.7°C and internal pressure proxy is 0.285, while development is still limited (p_dev=0.000). The priority is to protect clarity, manage RoR, and limit volatile stripping. Predicted flavor if followed: clarity 0.805, sweetness 0.736, body 0.461, bitterness 0.239. MPC fallback was used because the optimizer did not converge (Fallback_Applied: Error in Opti::solve [OptiNode] at .../casadi/core/optistack.cpp:217:
.../casadi/core/optistack_internal.cpp:1338: Assertion ""return_success(accept_limit)"" failed:
Solver failed. You may use opti.debug.value to investigate the latest values of variables. return_status is 'Maximum_Iterations_Exceeded')."
20.0,roasting,182.89050959245165,316.344564852808,47.977942454843095,77.8544252746839,82.73621486805892,65.0000000000014,182.9094854973083,47.99227985919508,0.8284834371558425,0.0028357437288602707,0.3147673233686749,1.0,0.0,0.0986078633209573,0.37281013105534927,77.8544252746839,82.73621486805892,65.0000000000014,78.22344813092762,81.71194602232724,65.00000000000163,0.8047999999999987,0.7361999999999997,0.46149999999999886,0.23949999999999938,1,88.23465366165048,Solve_Succeeded,1,0,0,1,0,0,0,RoR high; Pressure high,"WHAT: Gas +0.4%, Pressure -1.0 Pa, Drum +0.0% | WHY: Near crack, protect clarity | HOW: Apply immediately, hold steady","Recommended action: change gas by 0.4% (from 77.9% to 78.2%), change drum pressure by -1.0 Pa (from 82.7 Pa to 81.7 Pa), and change drum speed by 0.0% (from 65.0% to 65.0%). RoastOS classifies the roast as approaching crack because bean temperature is 182.9°C and internal pressure proxy is 0.315, while development is still limited (p_dev=0.000). The priority is to protect clarity, manage RoR, and limit volatile stripping. Predicted flavor if followed: clarity 0.805, sweetness 0.736, body 0.461, bitterness 0.239. MPC solved successfully with objective 88.2347."
22.0,roasting,182.9329500529845,317.42227794004384,46.801131866684564,78.22344813092762,81.71194602232724,65.00000000000163,183.09650622549415,47.5803961533396,0.7202660548461963,0.0022218561384834867,0.3420336523372444,1.0,0.0,0.10651924303483826,0.38014198738391397,78.22344813092762,81.71194602232724,65.00000000000163,78.70303240666206,80.57765514411177,65.0000000000033,0.8047999999999987,0.7361999999999997,0.46149999999999886,0.23949999999999938,1,90.55026080992202,Solve_Succeeded,1,0,0,1,0,0,0,RoR high; Pressure high,"WHAT: Gas +0.5%, Pressure -1.1 Pa, Drum +0.0% | WHY: Near crack, protect clarity | HOW: Apply immediately, hold steady","Recommended action: change gas by 0.5% (from 78.2% to 78.7%), change drum pressure by -1.1 Pa (from 81.7 Pa to 80.6 Pa), and change drum speed by 0.0% (from 65.0% to 65.0%). RoastOS classifies the roast as approaching crack because bean temperature is 183.1°C and internal pressure proxy is 0.342, while development is still limited (p_dev=0.000). The priority is to protect clarity, manage RoR, and limit volatile stripping. Predicted flavor if followed: clarity 0.805, sweetness 0.736, body 0.461, bitterness 0.239. MPC solved successfully with objective 90.5503."
24.0,roasting,183.44343409858968,319.13033503925607,47.5744465419887,78.70303240666206,80.57765514411177,65.0000000000033,183.33835611657798,47.85105628969605,0.9098014733319038,0.0017418249254991835,0.37513495895400967,1.0,0.0,0.11422306896739114,0.38747038448278986,78.70303240666206,80.57765514411177,65.0000000000033,78.70303240666206,80.57765514411177,65.0000000000033,0.8047999999999987,0.7358499999999998,0.46149999999999886,0.23949999999999938,0,nan,"Fallback_Applied: Error in Opti::solve [OptiNode] at .../casadi/core/optistack.cpp:217:
.../casadi/core/optistack_internal.cpp:1338: Assertion ""return_success(accept_limit)"" failed:
Solver failed. You may use opti.debug.value to investigate the latest values of variables. return_status is 'Search_Direction_Becomes_Too_Small'",1,0,0,1,0,0,1,RoR high; Pressure high; MPC fallback,"WHAT: Gas +0.0%, Pressure +0.0 Pa, Drum +0.0% | WHY: Near crack, protect clarity | HOW: Apply immediately, hold steady","Recommended action: change gas by 0.0% (from 78.7% to 78.7%), change drum pressure by 0.0 Pa (from 80.6 Pa to 80.6 Pa), and change drum speed by 0.0% (from 65.0% to 65.0%). RoastOS classifies the roast as approaching crack because bean temperature is 183.3°C and internal pressure proxy is 0.375, while development is still limited (p_dev=0.000). The priority is to protect clarity, manage RoR, and limit volatile stripping. Predicted flavor if followed: clarity 0.805, sweetness 0.736, body 0.461, bitterness 0.239. MPC fallback was used because the optimizer did not converge (Fallback_Applied: Error in Opti::solve [OptiNode] at .../casadi/core/optistack.cpp:217:
.../casadi/core/optistack_internal.cpp:1338: Assertion ""return_success(accept_limit)"" failed:
Solver failed. You may use opti.debug.value to investigate the latest values of variables. return_status is 'Search_Direction_Becomes_Too_Small')."
26.0,roasting,183.93150287730717,320.4757778506844,47.08113773752054,78.70303240666206,80.57765514411177,65.0000000000033,183.93284797170762,47.678398208132194,0.6335775567985635,0.001359193959434699,0.4080450018294051,1.0,0.0,0.12366584970973078,0.39482776416182885,78.70303240666206,80.57765514411177,65.0000000000033,79.25693936365069,79.4891204854631,65.0000000000033,0.8029999999999987,0.7355499999999998,0.46379999999999877,0.2413999999999994,1,92.41399821589229,Solve_Succeeded,1,0,0,1,0,0,0,RoR high; Pressure high,"WHAT: Gas +0.6%, Pressure -1.1 Pa, Drum +0.0% | WHY: Near crack, protect clarity | HOW: Apply immediately, hold steady","Recommended action: change gas by 0.6% (from 78.7% to 79.3%), change drum pressure by -1.1 Pa (from 80.6 Pa to 79.5 Pa), and change drum speed by 0.0% (from 65.0% to 65.0%). RoastOS classifies the roast as approaching crack because bean temperature is 183.9°C and internal pressure proxy is 0.408, while development is still limited (p_dev=0.000). The priority is to protect clarity, manage RoR, and limit volatile stripping. Predicted flavor if followed: clarity 0.803, sweetness 0.736, body 0.464, bitterness 0.241. MPC solved successfully with objective 92.4140."
28.0,roasting,184.2322212145877,321.3761197296122,47.96358530098871,79.25693936365069,79.4891204854631,65.0000000000033,184.0432775007879,47.98725485534605,1.064633111602892,0.0010614465772703515,0.44493698665665293,1.0,0.0,0.13281548081780903,0.40218025801363017,79.25693936365069,79.4891204854631,65.0000000000033,78.89994481666098,79.62747084298661,65.00000000000462,0.7646999999999988,0.7284999999999997,0.5125499999999986,0.29139999999999927,1,85.85101271990148,Solve_Succeeded,1,0,0,1,0,1,0,RoR high; Pressure high; Clarity risk,"WHAT: Gas -0.4%, Pressure +0.1 Pa, Drum +0.0% | WHY: Near crack, protect clarity | HOW: Apply immediately, hold steady","Recommended action: change gas by -0.4% (from 79.3% to 78.9%), change drum pressure by 0.1 Pa (from 79.5 Pa to 79.6 Pa), and change drum speed by 0.0% (from 65.0% to 65.0%). RoastOS classifies the roast as approaching crack because bean temperature is 184.0°C and internal pressure proxy is 0.445, while development is still limited (p_dev=0.000). The priority is to protect clarity, manage RoR, and limit volatile stripping. Predicted flavor if followed: clarity 0.765, sweetness 0.728, body 0.513, bitterness 0.291. MPC solved successfully with objective 85.8510."
30.0,roasting,184.4697982034266,322.4146647289678,49.06998095326811,78.89994481666098,79.62747084298661,65.00000000000462,184.64765918041147,48.37449333364384,0.513244298650289,0.0008233373359595823,0.47682063316555046,1.0,0.0,0.14449158838328555,0.4095748598063881,78.89994481666098,79.62747084298661,65.00000000000462,70.89994473666832,94.62747099298164,65.0000450479309,0.8094499999999989,0.74245,0.45989999999999887,0.23519999999999938,1,49.65527116571858,Solve_Succeeded,1,0,0,1,0,0,0,RoR high; Pressure high,"WHAT: Gas -8.0%, Pressure +15.0 Pa, Drum +0.0% | WHY: Near crack, protect clarity | HOW: Apply immediately, hold steady","Recommended action: change gas by -8.0% (from 78.9% to 70.9%), change drum pressure by 15.0 Pa (from 79.6 Pa to 94.6 Pa), and change drum speed by 0.0% (from 65.0% to 65.0%). RoastOS classifies the roast as approaching crack because bean temperature is 184.6°C and internal pressure proxy is 0.477, while development is still limited (p_dev=0.000). The priority is to protect clarity, manage RoR, and limit volatile stripping. Predicted flavor if followed: clarity 0.809, sweetness 0.742, body 0.460, bitterness 0.235. MPC solved successfully with objective 49.6553."
32.0,roasting,185.15636148557658,323.08930775154073,49.997256713998276,70.89994473666832,94.62747099298164,65.0000450479309,184.76684107958664,48.6990398498994,1.270325835256951,0.000641006151827877,0.5179399021284513,1.0,0.0,0.15478941378338965,0.41694649022972313,70.89994473666832,94.62747099298164,65.0000450479309,70.89994473666832,94.62747099298164,65.0000450479309,0.7646999999999988,0.7284999999999997,0.5125499999999986,0.29139999999999927,0,nan,"Fallback_Applied: Error in Opti::solve [OptiNode] at .../casadi/core/optistack.cpp:217:
.../casadi/core/optistack_internal.cpp:1338: Assertion ""return_success(accept_limit)"" failed:
Solver failed. You may use opti.debug.value to investigate the latest values of variables. return_status is 'Maximum_Iterations_Exceeded'",1,0,0,1,0,1,1,RoR high; Pressure high; Clarity risk; MPC fallback,"WHAT: Gas +0.0%, Pressure +0.0 Pa, Drum +0.0% | WHY: Near crack, protect clarity | HOW: Apply immediately, hold steady","Recommended action: change gas by 0.0% (from 70.9% to 70.9%), change drum pressure by 0.0 Pa (from 94.6 Pa to 94.6 Pa), and change drum speed by 0.0% (from 65.0% to 65.0%). RoastOS classifies the roast as approaching crack because bean temperature is 184.8°C and internal pressure proxy is 0.518, while development is still limited (p_dev=0.000). The priority is to protect clarity, manage RoR, and limit volatile stripping. Predicted flavor if followed: clarity 0.765, sweetness 0.728, body 0.513, bitterness 0.291. MPC fallback was used because the optimizer did not converge (Fallback_Applied: Error in Opti::solve [OptiNode] at .../casadi/core/optistack.cpp:217:
.../casadi/core/optistack_internal.cpp:1338: Assertion ""return_success(accept_limit)"" failed:
Solver failed. You may use opti.debug.value to investigate the latest values of variables. return_status is 'Maximum_Iterations_Exceeded')."
34.0,roasting,185.42272069717595,324.06742279528027,50.0348801831987,70.89994473666832,94.62747099298164,65.0000450479309,185.5337774753152,48.71220806411955,0.5259686388669231,0.0004946339561853039,0.5520714925285853,1.0,0.0,0.1683962462733545,0.42437327077122255,70.89994473666832,94.62747099298164,65.0000450479309,62.8999446742463,108.87564574794405,65.00004509071057,0.8029999999999986,0.7359999999999997,0.4594999999999988,0.23944999999999939,1,21.62545683309163,Solve_Succeeded,1,0,0,1,0,0,0,RoR high; Pressure high,"WHAT: Gas -8.0%, Pressure +14.2 Pa, Drum +0.0% | WHY: Near crack, protect clarity | HOW: Apply immediately, hold steady","Recommended action: change gas by -8.0% (from 70.9% to 62.9%), change drum pressure by 14.2 Pa (from 94.6 Pa to 108.9 Pa), and change drum speed by 0.0% (from 65.0% to 65.0%). RoastOS classifies the roast as approaching crack because bean temperature is 185.5°C and internal pressure proxy is 0.552, while development is still limited (p_dev=0.000). The priority is to protect clarity, manage RoR, and limit volatile stripping. Predicted flavor if followed: clarity 0.803, sweetness 0.736, body 0.459, bitterness 0.239. MPC solved successfully with objective 21.6255."
36.0,roasting,186.02911522083247,324.0534212893548,45.23230497805421,62.8999446742463,108.87564574794405,65.00004509071057,185.69721158148576,47.031306742318975,1.2562596162616095,0.00038262025949171573,0.5933454626597578,1.0,0.0,0.18109597006016992,0.43178493283433617,62.8999446742463,108.87564574794405,65.00004509071057,62.991220263241864,108.76271585729826,65.00004508987786,0.7646999999999988,0.7284999999999997,0.5125499999999986,0.29139999999999927,1,85.80118038765929,Solve_Succeeded,1,0,0,1,0,1,0,RoR high; Pressure high; Clarity risk,"WHAT: Gas +0.1%, Pressure -0.1 Pa, Drum -0.0% | WHY: Near crack, protect clarity | HOW: Apply immediately, hold steady","Recommended action: change gas by 0.1% (from 62.9% to 63.0%), change drum pressure by -0.1 Pa (from 108.9 Pa to 108.8 Pa), and change drum speed by -0.0% (from 65.0% to 65.0%). RoastOS classifies the roast as approaching crack because bean temperature is 185.7°C and internal pressure proxy is 0.593, while development is still limited (p_dev=0.000). The priority is to protect clarity, manage RoR, and limit volatile stripping. Predicted flavor if followed: clarity 0.765, sweetness 0.728, body 0.513, bitterness 0.291. MPC solved successfully with objective 85.8012."
38.0,roasting,186.47955665223805,324.45244197505406,47.32349557383326,62.991220263241864,108.76271585729826,65.00004508987786,186.60166018323133,47.76322345084164,0.5155231621424639,0.00029318105619153623,0.6289208456122736,1.0,0.0,0.19729812485750542,0.4392549687476251,62.991220263241864,108.76271585729826,65.00004508987786,57.42225403890826,123.59227930513528,66.17277935227206,0.794399999999999,0.7375,0.47904999999999864,0.26004999999999934,1,7.899789934737899,Solve_Succeeded,1,0,0,1,0,0,0,RoR high; Pressure high,"WHAT: Gas -5.6%, Pressure +14.8 Pa, Drum +1.2% | WHY: Near crack, protect clarity | HOW: Apply immediately, hold steady","Recommended action: change gas by -5.6% (from 63.0% to 57.4%), change drum pressure by 14.8 Pa (from 108.8 Pa to 123.6 Pa), and change drum speed by 1.2% (from 65.0% to 66.2%). RoastOS classifies the roast as approaching crack because bean temperature is 186.6°C and internal pressure proxy is 0.629, while development is still limited (p_dev=0.000). The priority is to protect clarity, manage RoR, and limit volatile stripping. Predicted flavor if followed: clarity 0.794, sweetness 0.738, body 0.479, bitterness 0.260. MPC solved successfully with objective 7.8998."
40.0,roasting,186.89213845617738,323.592856154371,47.02987130201734,57.42225403890826,123.59227930513528,66.17277935227206,186.68359620712667,41.914343631747435,1.2522166485362667,0.00022512096320252974,0.6692461007980295,1.0,0.0,0.21272703182406072,0.44671211719706766,57.42225403890826,123.59227930513528,66.17277935227206,57.42225403890826,123.59227930513528,66.17277935227206,0.764199999999999,0.7283999999999995,0.5122499999999987,0.2903999999999993,0,nan,"Fallback_Applied: Error in Opti::solve [OptiNode] at .../casadi/core/optistack.cpp:217:
.../casadi/core/optistack_internal.cpp:1338: Assertion ""return_success(accept_limit)"" failed:
Solver failed. You may use opti.debug.value to investigate the latest values of variables. return_status is 'Maximum_Iterations_Exceeded'",1,0,0,1,0,1,1,RoR high; Pressure high; Clarity risk; MPC fallback,"WHAT: Gas +0.0%, Pressure +0.0 Pa, Drum +0.0% | WHY: Near crack, protect clarity | HOW: Apply immediately, hold steady","Recommended action: change gas by 0.0% (from 57.4% to 57.4%), change drum pressure by 0.0 Pa (from 123.6 Pa to 123.6 Pa), and change drum speed by 0.0% (from 66.2% to 66.2%). RoastOS classifies the roast as approaching crack because bean temperature is 186.7°C and internal pressure proxy is 0.669, while development is still limited (p_dev=0.000). The priority is to protect clarity, manage RoR, and limit volatile stripping. Predicted flavor if followed: clarity 0.764, sweetness 0.728, body 0.512, bitterness 0.290. MPC fallback was used because the optimizer did not converge (Fallback_Applied: Error in Opti::solve [OptiNode] at .../casadi/core/optistack.cpp:217:
.../casadi/core/optistack_internal.cpp:1338: Assertion ""return_success(accept_limit)"" failed:
Solver failed. You may use opti.debug.value to investigate the latest values of variables. return_status is 'Maximum_Iterations_Exceeded')."
